{
  "Examined": 2871,
  "Correct": 2103,
  "Incorrect": 768,
  "Accuracy": 0.7324974,
  "AveragePrecision": 0.8647554,
  "AverageRecall": 0.83787125,
  "PrecisionThreshold": 0.9,
  "RecallThreshold": 0.7,
  "ID": "1441793291960"
}