{
  "Examined": 2875,
  "Correct": 2094,
  "Incorrect": 781,
  "Accuracy": 0.72834784,
  "AveragePrecision": 0.86215526,
  "AverageRecall": 0.84362686,
  "PrecisionThreshold": 0.9,
  "RecallThreshold": 0.7,
  "ID": "1441790309101"
}