{
  "Examined": 2886,
  "Correct": 2242,
  "Incorrect": 644,
  "Accuracy": 0.7768538,
  "AveragePrecision": 0.88514054,
  "AverageRecall": 0.8487959,
  "PrecisionThreshold": 0.9,
  "RecallThreshold": 0.7,
  "ID": "1442315474574"
}