{
  "Examined": 2885,
  "Correct": 2235,
  "Incorrect": 650,
  "Accuracy": 0.7746967,
  "AveragePrecision": 0.88687676,
  "AverageRecall": 0.8511141,
  "PrecisionThreshold": 0.85,
  "RecallThreshold": 0.8,
  "ID": "1442312604447"
}