{
  "Examined": 2703,
  "Correct": 2508,
  "Incorrect": 195,
  "Accuracy": 0.92785794,
  "AveragePrecision": 0.96032375,
  "AverageRecall": 0.9375383,
  "PrecisionThreshold": 0.9,
  "RecallThreshold": 0.7,
  "ID": "1442803899442"
}