{
  "Examined": 2885,
  "Correct": 2211,
  "Incorrect": 674,
  "Accuracy": 0.7663778,
  "AveragePrecision": 0.87906796,
  "AverageRecall": 0.84994066,
  "PrecisionThreshold": 0.9,
  "RecallThreshold": 0.7,
  "ID": "1442312317051"
}