{
  "Examined": 2871,
  "Correct": 2124,
  "Incorrect": 747,
  "Accuracy": 0.7398119,
  "AveragePrecision": 0.8647564,
  "AverageRecall": 0.8378709,
  "PrecisionThreshold": 0.85,
  "RecallThreshold": 0.8,
  "ID": "1441877631488"
}