{
  "Examined": 2866,
  "Correct": 2119,
  "Incorrect": 747,
  "Accuracy": 0.739358,
  "AveragePrecision": 0.86911845,
  "AverageRecall": 0.8457284,
  "PrecisionThreshold": 0.9,
  "RecallThreshold": 0.7,
  "ID": "1441879449958"
}