{
  "Examined": 2725,
  "Correct": 2526,
  "Incorrect": 199,
  "Accuracy": 0.92697245,
  "AveragePrecision": 0.9600999,
  "AverageRecall": 0.9323704,
  "PrecisionThreshold": 0.9,
  "RecallThreshold": 0.7,
  "ID": "1442907055565"
}