{
  "Examined": 2885,
  "Correct": 2244,
  "Incorrect": 641,
  "Accuracy": 0.7778163,
  "AveragePrecision": 0.8868752,
  "AverageRecall": 0.851114,
  "PrecisionThreshold": 0.9,
  "RecallThreshold": 0.7,
  "ID": "1442304136841"
}