{
  "Examined": 2703,
  "Correct": 2357,
  "Incorrect": 346,
  "Accuracy": 0.8719941,
  "AveragePrecision": 0.9603236,
  "AverageRecall": 0.9375385,
  "PrecisionThreshold": 0.9,
  "RecallThreshold": 0.9,
  "ID": "1442804283124"
}