{
  "Examined": 2703,
  "Correct": 2550,
  "Incorrect": 153,
  "Accuracy": 0.9433962,
  "AveragePrecision": 0.9603242,
  "AverageRecall": 0.9375387,
  "PrecisionThreshold": 0.9,
  "RecallThreshold": 0,
  "ID": "1442803873331"
}