{
  "Examined": 2885,
  "Correct": 2211,
  "Incorrect": 674,
  "Accuracy": 0.7663778,
  "AveragePrecision": 0.87906754,
  "AverageRecall": 0.84994024,
  "PrecisionThreshold": 0.85,
  "RecallThreshold": 0.8,
  "ID": "1442312624240"
}